Exercise,Left Wrist Angle,Right Wrist Angle,Left Elbow Angle,Right Elbow Angle,Left Shoulder Angle,Right Shoulder Angle,Left Hip Angle,Right Hip Angle,Left Knee Angle,Right Knee Angle,Left Ankle Angle,Right Ankle Angle,Left Heel Angle,Right Heel Angle,Left Foot Index Angle,Right Foot Index Angle,label
2,0.0,0.0,0.0,0.0,0.0,0.0,0.0,0.0,0.0,0.0,0.0,0.0,0.0,0.0,0.0,0.0,0.0
2,0.0,0.0,0.0,0.0,0.0,0.0,0.0,0.0,0.0,0.0,0.0,0.0,0.0,0.0,0.0,0.0,0.0
2,0.0,0.0,0.0,0.0,0.0,0.0,0.0,0.0,0.0,0.0,0.0,0.0,0.0,0.0,0.0,0.0,0.0
2,0.0,0.0,0.0,0.0,0.0,0.0,0.0,0.0,0.0,0.0,0.0,0.0,0.0,0.0,0.0,0.0,0.0
2,0.0,0.0,0.0,0.0,0.0,0.0,0.0,0.0,0.0,0.0,0.0,0.0,0.0,0.0,0.0,0.0,0.0
2,0.0,0.0,0.0,0.0,0.0,0.0,0.0,0.0,0.0,0.0,0.0,0.0,0.0,0.0,0.0,0.0,0.0
2,0.0,0.0,0.0,0.0,0.0,0.0,0.0,0.0,0.0,0.0,0.0,0.0,0.0,0.0,0.0,0.0,0.0
2,0.0,0.0,0.0,0.0,0.0,0.0,0.0,0.0,0.0,0.0,0.0,0.0,0.0,0.0,0.0,0.0,0.0
2,0.0,0.0,0.0,0.0,0.0,0.0,0.0,0.0,0.0,0.0,0.0,0.0,0.0,0.0,0.0,0.0,0.0
2,0.0,0.0,0.0,0.0,0.0,0.0,0.0,0.0,177.1478103613531,0.0,0.0,0.0,0.0,0.0,0.0,0.0,0.0
2,0.0,0.0,0.0,0.0,0.0,0.0,0.0,0.0,178.85338392863576,0.0,0.0,0.0,0.0,0.0,0.0,0.0,0.0
2,0.0,0.0,0.0,0.0,0.0,0.0,0.0,0.0,177.80002484229868,173.4358712061844,0.0,0.0,0.0,0.0,0.0,0.0,0.0
2,0.0,0.0,0.0,0.0,0.0,0.0,0.0,0.0,177.53370665232475,171.89613334798,0.0,0.0,0.0,0.0,0.0,0.0,0.0
2,0.0,0.0,0.0,0.0,0.0,0.0,0.0,0.0,177.26323827274098,171.6772354744053,0.0,0.0,0.0,0.0,0.0,0.0,0.0
2,0.0,0.0,0.0,0.0,0.0,0.0,0.0,0.0,174.95997190648723,169.55508877472226,0.0,0.0,0.0,0.0,0.0,0.0,0.0
2,0.0,0.0,0.0,0.0,0.0,0.0,0.0,0.0,175.40078357543797,171.38027333276716,0.0,0.0,0.0,0.0,0.0,0.0,0.0
2,0.0,0.0,0.0,0.0,0.0,0.0,0.0,0.0,176.1900729013169,177.23751508583305,0.0,0.0,0.0,0.0,0.0,0.0,0.0
2,0.0,0.0,0.0,0.0,0.0,0.0,0.0,0.0,175.70134541914558,179.78296045335603,0.0,0.0,0.0,0.0,0.0,0.0,0.0
2,0.0,0.0,0.0,0.0,0.0,0.0,0.0,0.0,176.3179474823214,179.01852399797994,0.0,0.0,0.0,0.0,0.0,0.0,0.0
2,0.0,0.0,0.0,0.0,0.0,0.0,0.0,0.0,175.72945161976054,178.60176374400007,0.0,0.0,0.0,0.0,0.0,0.0,0.0
2,0.0,0.0,0.0,0.0,0.0,0.0,0.0,0.0,177.2108483509648,178.19101695157477,0.0,0.0,0.0,0.0,0.0,0.0,0.0
2,0.0,0.0,0.0,0.0,0.0,0.0,0.0,0.0,179.42637339320743,179.9652676749836,0.0,0.0,0.0,0.0,0.0,0.0,0.0
2,0.0,0.0,0.0,0.0,0.0,0.0,0.0,0.0,178.47623639628583,0.0,0.0,0.0,0.0,0.0,0.0,0.0,0.0
2,0.0,0.0,0.0,0.0,0.0,0.0,0.0,0.0,179.387654434358,0.0,0.0,0.0,0.0,0.0,0.0,0.0,0.0
2,0.0,0.0,0.0,0.0,0.0,0.0,0.0,0.0,179.5091890335492,0.0,0.0,0.0,0.0,0.0,0.0,0.0,0.0
2,0.0,0.0,0.0,0.0,0.0,0.0,0.0,0.0,173.81656930522718,171.11572561131607,0.0,0.0,0.0,0.0,0.0,0.0,0.0
2,0.0,0.0,0.0,0.0,0.0,0.0,0.0,0.0,177.36761338020867,169.6407054829547,0.0,0.0,0.0,0.0,0.0,0.0,0.0
2,0.0,0.0,0.0,0.0,0.0,0.0,0.0,0.0,178.1827168343179,169.71272139996643,0.0,0.0,0.0,0.0,0.0,0.0,0.0
2,0.0,0.0,0.0,0.0,0.0,0.0,0.0,0.0,173.35041786731605,168.5207434262317,0.0,0.0,0.0,0.0,0.0,0.0,0.0
2,0.0,0.0,0.0,0.0,0.0,0.0,0.0,0.0,169.91440659386066,167.80363586765571,0.0,0.0,0.0,0.0,0.0,0.0,0.0
2,0.0,0.0,0.0,0.0,0.0,0.0,0.0,0.0,176.7867852941502,166.90722444529348,0.0,0.0,0.0,0.0,0.0,0.0,0.0
2,0.0,0.0,0.0,0.0,0.0,0.0,0.0,0.0,177.3207795972849,166.61723341115746,0.0,0.0,0.0,0.0,0.0,0.0,0.0
2,0.0,0.0,0.0,0.0,0.0,0.0,0.0,0.0,177.83868236465426,166.4446586926291,0.0,0.0,0.0,0.0,0.0,0.0,0.0
2,0.0,0.0,0.0,0.0,0.0,0.0,0.0,0.0,173.87959933749835,166.52672857090582,0.0,0.0,0.0,0.0,0.0,0.0,0.0
2,0.0,0.0,0.0,0.0,0.0,0.0,0.0,0.0,176.72403683513772,163.86462793955909,0.0,0.0,0.0,0.0,0.0,0.0,0.0
2,0.0,0.0,0.0,0.0,0.0,0.0,0.0,0.0,177.1224012221773,158.0441880083201,0.0,0.0,0.0,0.0,0.0,0.0,0.0
2,0.0,0.0,0.0,0.0,0.0,0.0,0.0,0.0,175.43643093203497,160.19913313079252,0.0,0.0,0.0,0.0,0.0,0.0,0.0
2,0.0,0.0,0.0,0.0,0.0,0.0,0.0,0.0,175.29015105153746,159.51210783496035,0.0,0.0,0.0,0.0,0.0,0.0,0.0
2,0.0,0.0,0.0,0.0,0.0,0.0,0.0,0.0,176.29769850975322,160.05681445998403,0.0,0.0,0.0,0.0,0.0,0.0,0.0
2,0.0,0.0,0.0,0.0,0.0,0.0,0.0,0.0,174.52673398992712,160.58628815102838,0.0,0.0,0.0,0.0,0.0,0.0,0.0
2,0.0,0.0,0.0,0.0,0.0,0.0,0.0,0.0,173.90280814043,158.492727366899,0.0,0.0,0.0,0.0,0.0,0.0,0.0
2,0.0,0.0,0.0,0.0,0.0,0.0,0.0,0.0,173.93729628966477,157.78140057173462,0.0,0.0,0.0,0.0,0.0,0.0,0.0
2,0.0,0.0,0.0,0.0,0.0,0.0,0.0,0.0,173.02535127518064,157.18778464300013,0.0,0.0,0.0,0.0,0.0,0.0,0.0
2,0.0,0.0,0.0,0.0,0.0,0.0,0.0,0.0,172.60606392400146,157.40877484088122,0.0,0.0,0.0,0.0,0.0,0.0,0.0
2,0.0,0.0,0.0,0.0,0.0,0.0,0.0,0.0,172.69412886068963,156.18803866204226,0.0,0.0,0.0,0.0,0.0,0.0,0.0
2,0.0,0.0,0.0,0.0,0.0,0.0,0.0,0.0,174.55445984070715,161.08164319311823,0.0,0.0,0.0,0.0,0.0,0.0,0.0
2,0.0,0.0,0.0,0.0,0.0,0.0,0.0,0.0,171.85985702264813,160.79135255028828,0.0,0.0,0.0,0.0,0.0,0.0,0.0
2,0.0,0.0,0.0,0.0,0.0,0.0,0.0,0.0,174.37293361799934,161.1001543070547,0.0,0.0,0.0,0.0,0.0,0.0,0.0
2,0.0,0.0,0.0,0.0,0.0,0.0,0.0,0.0,176.5401787535674,164.34289250077632,0.0,0.0,0.0,0.0,0.0,0.0,0.0
2,0.0,0.0,0.0,0.0,0.0,0.0,0.0,0.0,95.51063024272246,0.0,0.0,0.0,0.0,0.0,0.0,0.0,1.0
2,0.0,0.0,0.0,0.0,0.0,0.0,0.0,0.0,96.596084470227,0.0,0.0,0.0,0.0,0.0,0.0,0.0,1.0
2,0.0,0.0,0.0,0.0,0.0,0.0,0.0,0.0,90.69080554794897,0.0,0.0,0.0,0.0,0.0,0.0,0.0,1.0
2,0.0,0.0,0.0,0.0,0.0,0.0,0.0,0.0,84.1309104148679,0.0,0.0,0.0,0.0,0.0,0.0,0.0,1.0
2,0.0,0.0,0.0,0.0,0.0,0.0,0.0,0.0,82.46596133682023,0.0,0.0,0.0,0.0,0.0,0.0,0.0,1.0
2,0.0,0.0,0.0,0.0,0.0,0.0,0.0,0.0,85.86508780702951,0.0,0.0,0.0,0.0,0.0,0.0,0.0,1.0
2,0.0,0.0,0.0,0.0,0.0,0.0,0.0,0.0,84.84091262287647,0.0,0.0,0.0,0.0,0.0,0.0,0.0,1.0
2,0.0,0.0,0.0,0.0,0.0,0.0,0.0,0.0,79.87859092075551,0.0,0.0,0.0,0.0,0.0,0.0,0.0,1.0
2,0.0,0.0,0.0,0.0,0.0,0.0,0.0,0.0,77.44875521003691,0.0,0.0,0.0,0.0,0.0,0.0,0.0,1.0
2,0.0,0.0,0.0,0.0,0.0,0.0,0.0,0.0,79.30700265847234,0.0,0.0,0.0,0.0,0.0,0.0,0.0,1.0
2,0.0,0.0,0.0,0.0,0.0,0.0,0.0,0.0,77.7750094152745,0.0,0.0,0.0,0.0,0.0,0.0,0.0,1.0
2,0.0,0.0,0.0,0.0,0.0,0.0,0.0,0.0,77.24307289432683,0.0,0.0,0.0,0.0,0.0,0.0,0.0,1.0
2,0,0,0,0,0,0,96.61086681,97.15656508,111.7660475,111.7660475,0,0,0,0,0,0,1
2,0,0,0,0,0,0,109.1837158,109.1837158,93.70593915,95.23526356,0,0,0,0,0,0,1
2,0,0,0,0,0,0,99.01962886,99.01962886,83.40862331,85.04558292,0,0,0,0,0,0,1
2,0,0,0,0,0,0,96.59114984,96.59114984,83.47825067,83.57706843,0,0,0,0,0,0,1
2,0,0,0,0,0,0,96.13781823,96.13781823,85.39762049,87.23322857,0,0,0,0,0,0,1
2,0,0,0,0,0,0,97.43267146,97.43267146,87.52048092,90.07241761,0,0,0,0,0,0,1
2,0,0,0,0,0,0,98.71220596,98.71220596,88.97619276,93.53003052,0,0,0,0,0,0,1
2,0,0,0,0,0,0,102.3833255,102.3833255,91.71642191,96.77293854,0,0,0,0,0,0,1
2,0,0,0,0,0,0,105.9038518,105.9038518,95.5739846,98.29982237,0,0,0,0,0,0,1
2,0,0,0,0,0,0,93.72596541,93.72596541,84.7207851,84.91957706,0,0,0,0,0,0,1
2,0,0,0,0,0,0,91.5711968,91.5711968,82.56346237,86.25156454,0,0,0,0,0,0,1
2,0,0,0,0,0,0,90.53330143,90.53330143,81.8858745,87.26459061,0,0,0,0,0,0,1
2,0,0,0,0,0,0,90.41526729,90.41526729,82.00240566,86.42890329,0,0,0,0,0,0,1
2,0,0,0,0,0,0,89.58388439,89.58388439,80.06496335,87.06703421,0,0,0,0,0,0,1
2,0,0,0,0,0,0,88.32026846,88.32026846,78.18003965,86.16182148,0,0,0,0,0,0,1
2,0,0,0,0,0,0,87.01148964,87.01148964,77.84527812,85.5140871,0,0,0,0,0,0,1
2,0,0,0,0,0,0,86.58495742,86.58495742,76.8818066,85.19452776,0,0,0,0,0,0,1
2,0,0,0,0,0,0,86.92748573,86.92748573,76.87540117,85.15282353,0,0,0,0,0,0,1
2,0,0,0,0,0,0,86.47561064,86.47561064,76.43709775,85.30535067,0,0,0,0,0,0,1
2,0,0,0,0,0,0,87.1919316,87.1919316,77.45858264,85.65475686,0,0,0,0,0,0,1
2,0,0,0,0,0,0,88.22213511,88.22213511,78.60793795,86.61113542,0,0,0,0,0,0,1
2,0,0,0,0,0,0,96.36539622,96.36539622,89.29963011,92.56275061,0,0,0,0,0,0,1
2,0,0,0,0,0,0,103.1376124,103.1376124,98.98363707,90.57841471,0,0,0,0,0,0,1
2,0,0,0,0,0,0,101.3983063,101.3983063,99.95168219,91.15229295,0,0,0,0,0,0,1
2,0,0,0,0,0,0,100.6412027,100.6412027,97.82965794,91.36377369,0,0,0,0,0,0,1
2,0,0,0,0,0,0,94.71580413,94.71580413,91.70460874,88.36804296,0,0,0,0,0,0,1
2,0,0,0,0,0,0,95.65264668,95.65264668,91.35801889,90.88328472,0,0,0,0,0,0,1
2,0,0,0,0,0,0,93.82369827,93.82369827,86.34033238,89.14505873,0,0,0,0,0,0,1
2,0,0,0,0,0,0,95.1277467,95.1277467,86.91217803,89.37122568,0,0,0,0,0,0,1
2,0,0,0,0,0,0,96.63668672,96.63668672,87.94797055,90.61921987,0,0,0,0,0,0,1
2,0,0,0,0,0,0,96.81941422,96.81941422,87.20899972,89.87673704,0,0,0,0,0,0,1
2,0,0,0,0,0,0,97.46395934,97.46395934,87.65296746,90.50675651,0,0,0,0,0,0,1
2,0,0,0,0,0,0,96.74811135,96.74811135,85.24789512,89.63931861,0,0,0,0,0,0,1
2,0,0,0,0,0,0,96.66804135,96.66804135,84.79765121,89.57415336,0,0,0,0,0,0,1
2,0,0,0,0,0,0,96.95352805,96.95352805,86.28097277,90.66125723,0,0,0,0,0,0,1
2,0,0,0,0,0,0,96.67122044,96.67122044,86.16328069,91.28312603,0,0,0,0,0,0,1
2,0,0,0,0,0,0,97.61638184,97.61638184,88.19183728,91.5878353,0,0,0,0,0,0,1
2,0,0,0,0,0,0,95.87746292,95.87746292,87.94035946,92.69316938,0,0,0,0,0,0,1
2,0,0,0,0,0,0,95.40606857,95.40606857,87.23593551,94.6017796,0,0,0,0,0,0,1
2,0,0,0,0,0,0,96.14818122,96.14818122,87.25160801,95.52426632,0,0,0,0,0,0,1
2,0,0,0,0,0,0,94.60592372,94.60592372,88.86915004,94.6545151,0,0,0,0,0,0,1
2,0,0,0,0,0,0,94.45836276,94.45836276,88.88120695,94.48958336,0,0,0,0,0,0,1
2,0,0,0,0,0,0,94.06569965,94.06569965,88.77593251,94.45694511,0,0,0,0,0,0,1
2,0,0,0,0,0,0,94.92828556,94.92828556,90.20457691,94.84719595,0,0,0,0,0,0,1
2,0,0,0,0,0,0,95.07419038,95.07419038,90.38839545,94.87796919,0,0,0,0,0,0,1
2,0,0,0,0,0,0,95.21036745,95.21036745,90.60271489,95.52039714,0,0,0,0,0,0,1
2,0,0,0,0,0,0,94.88611396,94.88611396,90.22689632,95.37196292,0,0,0,0,0,0,1
2,0,0,0,0,0,0,94.68313337,94.68313337,89.9567954,95.28577383,0,0,0,0,0,0,1
2,0,0,0,0,0,0,94.34343703,94.34343703,89.36546958,95.19071079,0,0,0,0,0,0,1
2,0,0,0,0,0,0,94.26394729,94.26394729,89.21009821,95.34872855,0,0,0,0,0,0,1
2,0,0,0,0,0,0,94.81316951,94.81316951,88.76360604,95.43983713,0,0,0,0,0,0,1
2,0,0,0,0,0,0,94.70215994,94.70215994,88.12502357,95.6938331,0,0,0,0,0,0,1
2,0,0,0,0,0,0,95.33441265,95.33441265,88.55034461,95.80733888,0,0,0,0,0,0,1
2,0,0,0,0,0,0,95.87137449,95.87137449,88.9825981,95.84780419,0,0,0,0,0,0,1
2,0,0,0,0,0,0,95.61401501,95.61401501,89.44717226,95.98749326,0,0,0,0,0,0,1
2,0,0,0,0,0,0,95.66142555,95.66142555,90.78898385,96.44934266,0,0,0,0,0,0,1
2,0,0,0,0,0,0,95.6458855,95.6458855,91.63413409,97.07838696,0,0,0,0,0,0,1
2,0,0,0,0,0,0,87.78304959,87.78304959,83.3692427,85.44398394,0,0,0,0,0,0,1
2,0,0,0,0,0,0,83.74236154,83.74236154,80.09626987,82.87513391,0,0,0,0,0,0,1
2,0,0,0,0,0,0,81.00752161,81.00752161,80.00052766,84.08117058,0,0,0,0,0,0,1
2,0,0,0,0,0,0,82.49400379,82.49400379,81.59937101,87.1320812,0,0,0,0,0,0,1
2,0,0,0,0,0,0,85.31135846,85.31135846,83.01325953,90.65175775,0,0,0,0,0,0,1
2,0,0,0,0,0,0,86.11430453,86.11430453,83.00453985,89.65546921,0,0,0,0,0,0,1
2,0,0,0,0,0,0,83.4010164,83.4010164,82.4536455,89.46010954,0,0,0,0,0,0,1
2,0,0,0,0,0,0,83.74269084,83.74269084,81.64827778,87.13706027,0,0,0,0,0,0,1
2,0,0,0,0,0,0,84.24437172,84.24437172,81.64924007,88.99807949,0,0,0,0,0,0,1
2,0,0,0,0,0,0,83.95869017,83.95869017,82.05767158,90.03279522,0,0,0,0,0,0,1
2,0,0,0,0,0,0,83.27258364,83.27258364,82.32773643,88.94038796,0,0,0,0,0,0,1
2,0,0,0,0,0,0,83.6523194,83.6523194,82.12337796,90.72652803,0,0,0,0,0,0,1
2,0,0,0,0,0,0,84.89719183,84.89719183,82.70350183,91.01404647,0,0,0,0,0,0,1
2,0,0,0,0,0,0,86.05568892,86.05568892,83.20307124,90.75836902,0,0,0,0,0,0,1
2,0,0,0,0,0,0,86.58083951,86.58083951,83.42933486,90.66551831,0,0,0,0,0,0,1
2,0,0,0,0,0,0,86.73980269,86.73980269,83.67475606,91.31802552,0,0,0,0,0,0,1
2,0,0,0,0,0,0,86.74816709,86.74816709,83.79315916,91.76050849,0,0,0,0,0,0,1
2,0,0,0,0,0,0,86.93429848,86.93429848,83.74193704,91.98775911,0,0,0,0,0,0,1
2,0,0,0,0,0,0,86.37087919,86.37087919,83.34290524,91.39794351,0,0,0,0,0,0,1
2,0,0,0,0,0,0,86.2503558,86.2503558,83.42329536,91.63292301,0,0,0,0,0,0,1
2,0,0,0,0,0,0,86.09873289,86.09873289,83.24876535,91.71001846,0,0,0,0,0,0,1
2,0,0,0,0,0,0,86.02682015,86.02682015,83.67288086,91.79361428,0,0,0,0,0,0,1
2,0,0,0,0,0,0,86.04249402,86.04249402,83.06794551,92.21968299,0,0,0,0,0,0,1
2,0,0,0,0,0,0,86.13561557,86.13561557,83.33751279,92.07515192,0,0,0,0,0,0,1
2,0,0,0,0,0,0,85.76611695,85.76611695,83.15772043,92.0339832,0,0,0,0,0,0,1
2,0,0,0,0,0,0,85.34316147,85.34316147,83.05837855,91.63131888,0,0,0,0,0,0,1
2,0,0,0,0,0,0,84.62899954,84.62899954,83.11827032,91.90853884,0,0,0,0,0,0,1
2,0,0,0,0,0,0,84.44701946,84.44701946,82.91025232,92.09753147,0,0,0,0,0,0,1
2,0,0,0,0,0,0,84.38301798,84.38301798,83.2059573,92.56510822,0,0,0,0,0,0,1
2,0,0,0,0,0,0,84.23760665,84.23760665,82.8868831,92.1727769,0,0,0,0,0,0,1
2,0,0,0,0,0,0,84.34257022,84.34257022,82.27602686,91.87950617,0,0,0,0,0,0,1
2,0,0,0,0,0,0,83.9393946,83.9393946,81.50360284,91.21614527,0,0,0,0,0,0,1
2,0,0,0,0,0,0,83.70122224,83.70122224,80.31769059,91.0897261,0,0,0,0,0,0,1
2,0,0,0,0,0,0,83.11028749,83.11028749,80.04850372,90.55964632,0,0,0,0,0,0,1
2,0,0,0,0,0,0,82.99500288,82.99500288,79.94997187,90.3876431,0,0,0,0,0,0,1
2,0,0,0,0,0,0,83.17503205,83.17503205,79.94628462,91.32047467,0,0,0,0,0,0,1
2,0,0,0,0,0,0,82.77379563,82.77379563,79.89552907,91.14781204,0,0,0,0,0,0,1
2,0,0,0,0,0,0,82.7445679,82.7445679,79.96581125,91.47524717,0,0,0,0,0,0,1
2,0,0,0,0,0,0,82.26912612,82.26912612,80.54245987,91.40726864,0,0,0,0,0,0,1
2,0,0,0,0,0,0,82.09182311,82.09182311,80.59906431,91.7316848,0,0,0,0,0,0,1
2,0,0,0,0,0,0,81.71178735,81.71178735,79.72489046,91.64109323,0,0,0,0,0,0,1
2,0,0,0,0,0,0,81.92867641,81.92867641,80.52511794,92.09973984,0,0,0,0,0,0,1
2,0,0,0,0,0,0,81.74905543,81.74905543,80.10623439,91.75510751,0,0,0,0,0,0,1
2,0,0,0,0,0,0,81.6088301,81.6088301,80.30164131,91.8132252,0,0,0,0,0,0,1
2,0,0,0,0,0,0,81.34128599,81.34128599,80.04634687,91.06261749,0,0,0,0,0,0,1
2,0,0,0,0,0,0,81.31522773,81.31522773,80.04661144,90.94953022,0,0,0,0,0,0,1
2,0,0,0,0,0,0,81.30016356,81.30016356,80.11301911,91.73338627,0,0,0,0,0,0,1
2,0,0,0,0,0,0,80.87558983,80.87558983,80.08246709,91.56987583,0,0,0,0,0,0,1
2,0,0,0,0,0,0,80.94827547,80.94827547,80.31951593,92.01775041,0,0,0,0,0,0,1
2,0,0,0,0,0,0,81.29691038,81.29691038,80.56307555,92.15594365,0,0,0,0,0,0,1
2,0,0,0,0,0,0,81.27549904,81.27549904,80.6662162,92.3007608,0,0,0,0,0,0,1
2,0,0,0,0,0,0,81.18173167,81.18173167,81.06526737,93.86324214,0,0,0,0,0,0,1
2,0,0,0,0,0,0,81.446237,81.446237,81.26330608,93.35152733,0,0,0,0,0,0,1
2,0,0,0,0,0,0,81.7467214,81.7467214,81.53131051,93.77977418,0,0,0,0,0,0,1
2,0,0,0,0,0,0,82.62017954,82.62017954,81.98144102,93.78051073,0,0,0,0,0,0,1
2,0,0,0,0,0,0,83.85057756,83.85057756,82.22431783,94.05341596,0,0,0,0,0,0,1
2,0,0,0,0,0,0,84.10782821,84.10782821,83.31205479,94.34647172,0,0,0,0,0,0,1
2,0,0,0,0,0,0,84.11908753,84.11908753,83.50743961,94.33233989,0,0,0,0,0,0,1
2,0,0,0,0,0,0,83.8101526,83.8101526,82.75325109,94.67049211,0,0,0,0,0,0,1
2,0,0,0,0,0,0,83.89483401,83.89483401,82.79356211,94.65851764,0,0,0,0,0,0,1
2,0,0,0,0,0,0,83.2154247,83.2154247,81.52553849,94.12329808,0,0,0,0,0,0,1
2,0,0,0,0,0,0,82.77125953,82.77125953,81.0808518,93.9988719,0,0,0,0,0,0,1
2,0,0,0,0,0,0,82.74196538,82.74196538,81.24260414,93.56832002,0,0,0,0,0,0,1
2,0,0,0,0,0,0,82.89883441,82.89883441,81.52447413,93.69042312,0,0,0,0,0,0,1
2,0,0,0,0,0,0,82.88854129,82.88854129,81.78022793,93.85453756,0,0,0,0,0,0,1
2,0,0,0,0,0,0,83.7924421,83.7924421,83.05053867,94.52719895,0,0,0,0,0,0,1
2,0,0,0,0,0,0,83.19172658,83.19172658,82.39694439,94.10007628,0,0,0,0,0,0,1
2,0,0,0,0,0,0,82.84523556,82.84523556,82.13292003,93.87806953,0,0,0,0,0,0,1
2,0,0,0,0,0,0,84.05603651,84.05603651,83.1912957,95.26482659,0,0,0,0,0,0,1
2,0,0,0,0,0,0,83.8556125,83.8556125,83.31594897,95.19406217,0,0,0,0,0,0,1
2,0,0,0,0,0,0,84.47355497,84.47355497,84.79566679,96.13712134,0,0,0,0,0,0,1
2,0,0,0,0,0,0,84.76605213,84.76605213,85.63228841,96.41963172,0,0,0,0,0,0,1
2,0,0,0,0,0,0,84.6211705,84.6211705,85.31482273,95.66424086,0,0,0,0,0,0,1
2,0,0,0,0,0,0,84.37347806,84.37347806,84.65405243,95.56940605,0,0,0,0,0,0,1
2,0,0,0,0,0,0,83.43466744,83.43466744,83.29384611,95.52994179,0,0,0,0,0,0,1
2,0,0,0,0,0,0,83.3889894,83.3889894,83.59736048,95.3812657,0,0,0,0,0,0,1
2,0,0,0,0,0,0,83.38365499,83.38365499,83.79891236,95.20536348,0,0,0,0,0,0,1
2,0,0,0,0,0,0,83.26066818,83.26066818,83.62883318,94.35279199,0,0,0,0,0,0,1
2,0,0,0,0,0,0,83.46312655,83.46312655,83.91288281,94.69278946,0,0,0,0,0,0,1
2,0,0,0,0,0,0,83.66737276,83.66737276,83.4431312,94.24250451,0,0,0,0,0,0,1
2,0,0,0,0,0,0,83.9372566,83.9372566,84.42739679,94.59395655,0,0,0,0,0,0,1
2,0,0,0,0,0,0,84.198548,84.198548,84.81934084,94.92183919,0,0,0,0,0,0,1
2,0,0,0,0,0,0,84.29447364,84.29447364,85.07377547,95.21469491,0,0,0,0,0,0,1
2,0,0,0,0,0,0,84.5731729,84.5731729,85.57568936,95.69002817,0,0,0,0,0,0,1
2,0,0,0,0,0,0,84.46923106,84.46923106,85.33791332,95.18084753,0,0,0,0,0,0,1
2,0,0,0,0,0,0,84.41120508,84.41120508,85.13749535,94.9233995,0,0,0,0,0,0,1
2,0,0,0,0,0,0,84.53525088,84.53525088,84.93476996,95.02312423,0,0,0,0,0,0,1
2,0,0,0,0,0,0,84.69693167,84.69693167,85.04601399,94.94796102,0,0,0,0,0,0,1
2,0,0,0,0,0,0,85.86549908,85.86549908,87.23948545,99.28228667,0,0,0,0,0,0,1
2,0,0,0,0,0,0,84.52935365,84.52935365,87.91150476,97.73450624,0,0,0,0,0,0,1
2,0,0,0,0,0,0,83.90526264,83.90526264,88.13168364,97.71146085,0,0,0,0,0,0,1
2,0,0,0,0,0,0,85.50836275,85.50836275,90.3877765,98.33153031,0,0,0,0,0,0,1
2,0,0,0,0,0,0,86.17419912,86.17419912,92.54536814,95.82391307,0,0,0,0,0,0,1
2,0,0,0,0,0,0,85.55139363,85.55139363,89.14180122,95.86627175,0,0,0,0,0,0,1
2,0,0,0,0,0,0,85.39281545,85.39281545,88.68493959,97.05769203,0,0,0,0,0,0,1
2,0,0,0,0,0,0,86.03082834,86.03082834,88.89700156,98.47865949,0,0,0,0,0,0,1
2,0,0,0,0,0,0,86.88123136,86.88123136,89.7851572,99.42907548,0,0,0,0,0,0,1
2,0,0,0,0,0,0,124.8915355,124.8915355,0,0,0,0,0,0,0,0,0
2,0,0,0,0,0,0,102.9971948,102.9971948,0,0,0,0,0,0,0,0,0
2,0,0,0,0,0,0,108.4399686,108.4399686,0,0,0,0,0,0,0,0,0
2,0,0,0,0,0,0,107.4657631,107.4657631,0,0,0,0,0,0,0,0,0
2,0,0,0,0,0,0,146.2319512,146.2319512,0,0,0,0,0,0,0,0,0
2,0,0,0,0,0,0,142.9656719,142.9656719,0,0,0,0,0,0,0,0,0
2,0,0,0,0,0,0,107.1332039,107.1332039,0,0,0,0,0,0,0,0,0
2,0,0,0,0,0,0,124.57266,124.57266,0,0,0,0,0,0,0,0,0
2,0,0,0,0,0,0,128.7026995,128.7026995,0,0,0,0,0,0,0,0,0
2,0,0,0,0,0,0,146.9696156,146.9696156,0,0,0,0,0,0,0,0,0
2,0,0,0,0,0,0,157.6944408,157.6944408,0,0,0,0,0,0,0,0,0
2,0,0,0,0,0,0,163.5982405,163.5982405,0,0,0,0,0,0,0,0,0
2,0,0,0,0,0,0,131.9889845,131.9889845,0,0,0,0,0,0,0,0,0
2,0,0,0,0,0,0,143.8463,143.8463,0,0,0,0,0,0,0,0,0
2,0,0,0,0,0,0,161.108627,161.108627,0,0,0,0,0,0,0,0,0
2,0,0,0,0,0,0,0,0,0,0,0,0,0,0,0,0,0
2,0,0,0,0,0,0,0,0,0,0,0,0,0,0,0,0,0
2,0,0,0,0,0,0,0,0,0,0,0,0,0,0,0,0,0
2,0,0,0,0,0,0,0,0,0,0,0,0,0,0,0,0,0
2,0,0,0,0,0,0,70.1716322,70.1716322,0,0,0,0,0,0,0,0,0
2,0,0,0,0,0,0,69.11172942,69.11172942,0,0,0,0,0,0,0,0,0
2,0,0,0,0,0,0,58.50992628,58.50992628,0,0,0,0,0,0,0,0,0
2,0,0,0,0,0,0,49.13403794,49.13403794,0,0,0,0,0,0,0,0,0
2,0,0,0,0,0,0,46.62842774,46.62842774,45.16261331,0,0,0,0,0,0,0,0
2,0,0,0,0,0,0,45.866628,45.866628,42.71956534,0,0,0,0,0,0,0,0
2,0,0,0,0,0,0,39.8942961,39.8942961,35.74497574,34.51787938,0,0,0,0,0,0,0
2,0,0,0,0,0,0,39.53615456,39.53615456,32.1945591,37.09058378,0,0,0,0,0,0,0
2,0,0,0,0,0,0,38.68074467,38.68074467,36.56866332,35.16685328,0,0,0,0,0,0,0
2,0,0,0,0,0,0,38.13915347,38.13915347,37.9192655,33.99040538,0,0,0,0,0,0,0
2,0,0,0,0,0,0,27.07711954,27.07711954,36.06924841,37.86113749,0,0,0,0,0,0,0
2,0,0,0,0,0,0,39.16587861,39.16587861,43.74041974,39.02528952,0,0,0,0,0,0,0
2,0,0,0,0,0,0,45.56345593,45.56345593,52.52258579,48.29723315,0,0,0,0,0,0,0
2,0,0,0,0,0,0,42.66220877,42.66220877,52.47093337,48.07591597,0,0,0,0,0,0,0
2,0,0,0,0,0,0,57.95911112,57.95911112,69.13752154,70.65042709,0,0,0,0,0,0,0
2,0,0,0,0,0,0,70.43331268,70.43331268,87.65266185,82.85921347,0,0,0,0,0,0,0
2,0,0,0,0,0,0,83.38786033,83.38786033,98.72790641,97.50987724,0,0,0,0,0,0,0
2,0,0,0,0,0,0,87.74550215,87.74550215,101.4365667,100.9277821,0,0,0,0,0,0,0
2,0,0,0,0,0,0,90.23473513,90.23473513,102.9802552,104.3594405,0,0,0,0,0,0,0
2,0,0,0,0,0,0,91.30022841,91.30022841,106.2819489,109.2401744,0,0,0,0,0,0,0
2,0,0,0,0,0,0,90.9411165,90.9411165,105.2062551,107.893075,0,0,0,0,0,0,0
2,0,0,0,0,0,0,83.07234167,83.07234167,101.9883273,107.9135314,0,0,0,0,0,0,0
2,0,0,0,0,0,0,81.44975667,81.44975667,101.5569457,107.6956049,0,0,0,0,0,0,0
2,0,0,0,0,0,0,75.64270124,75.64270124,102.2799187,106.6561593,0,0,0,0,0,0,0
2,0,0,0,0,0,0,74.18004728,74.18004728,104.1589138,106.5120366,0,0,0,0,0,0,0
2,0,0,0,0,0,0,66.78220365,66.78220365,102.3653639,98.45119982,0,0,0,0,0,0,0
2,0,0,0,0,0,0,63.14657835,63.14657835,101.6786285,95.35175379,0,0,0,0,0,0,0
2,0,0,0,0,0,0,58.54830358,58.54830358,102.1829772,97.99694455,0,0,0,0,0,0,0
2,0,0,0,0,0,0,57.38294474,57.38294474,104.4426008,101.2081258,0,0,0,0,0,0,0
2,0,0,0,0,0,0,57.05942348,57.05942348,104.9373396,102.8270283,0,0,0,0,0,0,0
2,0,0,0,0,0,0,54.23692282,54.23692282,104.9403631,99.15665045,0,0,0,0,0,0,0
2,0,0,0,0,0,0,53.96432392,53.96432392,105.2461799,97.56985598,0,0,0,0,0,0,0
2,0,0,0,0,0,0,49.59764213,49.59764213,107.5530058,102.9502213,0,0,0,0,0,0,0
2,0,0,0,0,0,0,48.98919493,48.98919493,106.7945649,102.9043694,0,0,0,0,0,0,0
2,0,0,0,0,0,0,49.0682594,49.0682594,107.0720837,102.9583746,0,0,0,0,0,0,0
2,0,0,0,0,0,0,49.29836069,49.29836069,107.1371833,102.5839186,0,0,0,0,0,0,0
2,0,0,0,0,0,0,49.01434959,49.01434959,106.8398083,102.3361662,0,0,0,0,0,0,0
2,0,0,0,0,0,0,49.63846743,49.63846743,107.3204131,102.0496044,0,0,0,0,0,0,0
2,0,0,0,0,0,0,50.15688658,50.15688658,107.1717504,101.95936,0,0,0,0,0,0,0
2,0,0,0,0,0,0,50.6970478,50.6970478,107.2913151,102.1333037,0,0,0,0,0,0,0
2,0,0,0,0,0,0,51.3369538,51.3369538,106.5982041,100.1520226,0,0,0,0,0,0,0
2,0,0,0,0,0,0,52.23306772,52.23306772,106.2502193,100.2985978,0,0,0,0,0,0,0
2,0,0,0,0,0,0,53.02364068,53.02364068,106.2770141,97.48723832,0,0,0,0,0,0,0
2,0,0,0,0,0,0,54.80029122,54.80029122,106.3896277,98.1678622,0,0,0,0,0,0,0
2,0,0,0,0,0,0,57.5345564,57.5345564,107.0508156,99.18023423,0,0,0,0,0,0,0
2,0,0,0,0,0,0,59.44507333,59.44507333,106.7086912,98.96264513,0,0,0,0,0,0,0
2,0,0,0,0,0,0,60.66052338,60.66052338,106.804733,98.87654931,0,0,0,0,0,0,0
2,0,0,0,0,0,0,61.99333748,61.99333748,107.1966779,100.1967164,0,0,0,0,0,0,0
2,0,0,0,0,0,0,63.74760656,63.74760656,109.2090655,100.4884455,0,0,0,0,0,0,0
2,0,0,0,0,0,0,64.52367223,64.52367223,109.6554694,101.4486098,0,0,0,0,0,0,0
2,0,0,0,0,0,0,64.44760037,64.44760037,109.7374888,100.787586,0,0,0,0,0,0,0
2,0,0,0,0,0,0,64.29865851,64.29865851,109.1188589,100.3342161,0,0,0,0,0,0,0
2,0,0,0,0,0,0,64.14437158,64.14437158,108.6956604,98.42700976,0,0,0,0,0,0,0
2,0,0,0,0,0,0,64.34716233,64.34716233,108.9344484,98.83520928,0,0,0,0,0,0,0
2,0,0,0,0,0,0,63.3615136,63.3615136,108.4949783,99.15705941,0,0,0,0,0,0,0
2,0,0,0,0,0,0,62.71172115,62.71172115,108.0529078,100.395104,0,0,0,0,0,0,0
2,0,0,0,0,0,0,62.16919388,62.16919388,107.43794,100.1773737,0,0,0,0,0,0,0
2,0,0,0,0,0,0,62.50745079,62.50745079,108.0318761,101.1258326,0,0,0,0,0,0,0
2,0,0,0,0,0,0,62.878913,62.878913,108.5647888,101.357726,0,0,0,0,0,0,0
2,0,0,0,0,0,0,63.32759486,63.32759486,108.8051862,101.9836891,0,0,0,0,0,0,0
2,0,0,0,0,0,0,62.89634086,62.89634086,109.0744341,103.4443981,0,0,0,0,0,0,0
2,0,0,0,0,0,0,62.79968474,62.79968474,108.7442969,103.8073035,0,0,0,0,0,0,0
2,0,0,0,0,0,0,61.85419993,61.85419993,107.7819551,102.6605985,0,0,0,0,0,0,0
2,0,0,0,0,0,0,60.89686407,60.89686407,107.403481,101.076581,0,0,0,0,0,0,0
2,0,0,0,0,0,0,62.64359166,62.64359166,107.7238664,101.0978659,0,0,0,0,0,0,0
2,0,0,0,0,0,0,62.36174601,62.36174601,107.0122454,100.558911,0,0,0,0,0,0,0
2,0,0,0,0,0,0,60.03037632,60.03037632,102.4180478,99.46832783,0,0,0,0,0,0,0
2,0,0,0,0,0,0,59.46423438,59.46423438,102.1205929,93.81906357,0,0,0,0,0,0,0
2,0,0,0,0,0,0,59.51924317,59.51924317,103.059991,92.19300341,0,0,0,0,0,0,0
2,0,0,0,0,0,0,54.25905808,54.25905808,102.2769699,97.35669311,0,0,0,0,0,0,0
2,0,0,0,0,0,0,46.7632251,46.7632251,99.25761314,94.12167777,0,0,0,0,0,0,0
2,0,0,0,0,0,0,43.98811934,43.98811934,98.61315924,92.55979589,0,0,0,0,0,0,0
2,0,0,0,0,0,0,42.09440618,42.09440618,98.02989138,94.38507855,0,0,0,0,0,0,0
2,0,0,0,0,0,0,39.02626032,39.02626032,98.42059443,91.71779075,0,0,0,0,0,0,0
2,0,0,0,0,0,0,38.42031932,38.42031932,98.23603713,89.96067413,0,0,0,0,0,0,0
2,0,0,0,0,0,0,37.73215851,37.73215851,98.055003,86.48069915,0,0,0,0,0,0,0
2,0,0,0,0,0,0,44.14612012,44.14612012,103.3766302,87.6343531,0,0,0,0,0,0,0
2,0,0,0,0,0,0,42.08288411,42.08288411,101.2457142,87.32317568,0,0,0,0,0,0,0
2,0,0,0,0,0,0,40.28916201,40.28916201,99.54714701,85.9068262,0,0,0,0,0,0,0
2,0,0,0,0,0,0,39.78908264,39.78908264,99.36955962,85.94965407,0,0,0,0,0,0,0
2,0,0,0,0,0,0,37.13822002,37.13822002,95.75936019,84.11737069,0,0,0,0,0,0,0
2,0,0,0,0,0,0,34.72835939,34.72835939,92.78092315,82.75502665,0,0,0,0,0,0,0
2,0,0,0,0,0,0,33.53716316,33.53716316,91.56065362,81.83996257,0,0,0,0,0,0,0
2,0,0,0,0,0,0,33.6744443,33.6744443,86.3406149,76.62811749,0,0,0,0,0,0,0
2,0,0,0,0,0,0,31.91551167,31.91551167,83.56479069,74.98638499,0,0,0,0,0,0,0
2,0,0,0,0,0,0,30.3833842,30.3833842,74.05817215,72.47823279,0,0,0,0,0,0,0
2,0,0,0,0,0,0,32.1489491,32.1489491,73.07122502,69.93270861,0,0,0,0,0,0,0
2,0,0,0,0,0,0,33.08694647,33.08694647,70.64470373,66.78230345,0,0,0,0,0,0,0
2,0,0,0,0,0,0,33.41363202,33.41363202,66.01128425,61.52128685,0,0,0,0,0,0,0
2,0,0,0,0,0,0,32.90576857,32.90576857,61.98230223,58.1081361,0,0,0,0,0,0,0
2,0,0,0,0,0,0,34.27461378,34.27461378,59.55036626,53.81697935,0,0,0,0,0,0,0
2,0,0,0,0,0,0,35.19026855,35.19026855,57.46610131,51.60451175,0,0,0,0,0,0,0
2,0,0,0,0,0,0,35.66455945,35.66455945,55.26445766,50.41285743,0,0,0,0,0,0,0
2,0,0,0,0,0,0,37.19108483,37.19108483,53.29009038,45.61331327,0,0,0,0,0,0,0
2,0,0,0,0,0,0,35.3901217,35.3901217,51.16229271,43.64424679,0,0,0,0,0,0,0
2,0,0,0,0,0,0,37.85395305,37.85395305,51.36855292,42.06762333,0,0,0,0,0,0,0
2,0,0,0,0,0,0,37.35096112,37.35096112,49.59319182,40.39165743,0,0,0,0,0,0,0
2,0,0,0,0,0,0,37.52521702,37.52521702,49.67158187,37.53371002,0,0,0,0,0,0,0
2,0,0,0,0,0,0,38.70919522,38.70919522,50.83070853,37.41309738,0,0,0,0,0,0,0
2,0,0,0,0,0,0,39.45715053,39.45715053,51.33455746,0,0,0,0,0,0,0,0
2,0,0,0,0,0,0,39.70396522,39.70396522,50.37331884,0,0,0,0,0,0,0,0
2,0,0,0,0,0,0,40.39295338,40.39295338,49.91381305,0,0,0,0,0,0,0,0
2,0,0,0,0,0,0,41.20019212,41.20019212,49.10977162,0,0,0,0,0,0,0,0
2,0,0,0,0,0,0,41.17461109,41.17461109,48.20504257,0,0,0,0,0,0,0,0
2,0,0,0,0,0,0,40.78823792,40.78823792,47.14308046,0,0,0,0,0,0,0,0
2,0,0,0,0,0,0,41.09970279,41.09970279,47.03376099,0,0,0,0,0,0,0,0
2,0,0,0,0,0,0,40.94658394,40.94658394,46.63164394,0,0,0,0,0,0,0,0
2,0,0,0,0,0,0,39.93404922,39.93404922,46.38812483,0,0,0,0,0,0,0,0
2,0,0,0,0,0,0,39.22999262,39.22999262,45.23082401,0,0,0,0,0,0,0,0
2,0,0,0,0,0,0,36.53953155,36.53953155,43.18993916,0,0,0,0,0,0,0,0
2,0,0,0,0,0,0,35.53869866,35.53869866,42.48087769,0,0,0,0,0,0,0,0
2,0,0,0,0,0,0,34.57919035,34.57919035,41.77066056,0,0,0,0,0,0,0,0
2,0,0,0,0,0,0,33.23910551,33.23910551,41.19673372,0,0,0,0,0,0,0,0
2,0,0,0,0,0,0,33.02959162,33.02959162,41.25145214,0,0,0,0,0,0,0,0
2,0,0,0,0,0,0,33.71700866,33.71700866,41.57500327,0,0,0,0,0,0,0,0
2,0,0,0,0,0,0,33.71203272,33.71203272,41.51283954,0,0,0,0,0,0,0,0
2,0,0,0,0,0,0,32.25145014,32.25145014,40.05133127,0,0,0,0,0,0,0,0
2,0,0,0,0,0,0,32.98020187,32.98020187,39.21073681,0,0,0,0,0,0,0,0
2,0,0,0,0,0,0,32.78370128,32.78370128,38.47862145,0,0,0,0,0,0,0,0
2,0,0,0,0,0,0,32.95133294,32.95133294,37.03740767,0,0,0,0,0,0,0,0
2,0,0,0,0,0,0,33.25991412,33.25991412,36.36734118,0,0,0,0,0,0,0,0
2,0,0,0,0,0,0,34.14403069,34.14403069,36.2872179,0,0,0,0,0,0,0,0
2,0,0,0,0,0,0,34.97014517,34.97014517,36.37604306,0,0,0,0,0,0,0,0
2,0,0,0,0,0,0,34.93152789,34.93152789,35.88790641,0,0,0,0,0,0,0,0
2,0,0,0,0,0,0,35.96674322,35.96674322,35.92121883,0,0,0,0,0,0,0,0
2,0,0,0,0,0,0,35.94417418,35.94417418,35.81983429,0,0,0,0,0,0,0,0
2,0,0,0,0,0,0,36.1875193,36.1875193,37.05142632,0,0,0,0,0,0,0,0
2,0,0,0,0,0,0,35.6171704,35.6171704,36.90300161,0,0,0,0,0,0,0,0
2,0,0,0,0,0,0,35.92708184,35.92708184,36.83483144,0,0,0,0,0,0,0,0
2,0,0,0,0,0,0,35.61666698,35.61666698,36.94214064,0,0,0,0,0,0,0,0
2,0,0,0,0,0,0,35.33476985,35.33476985,36.62922768,0,0,0,0,0,0,0,0
2,0,0,0,0,0,0,34.58483922,34.58483922,36.30485265,0,0,0,0,0,0,0,0
2,0,0,0,0,0,0,34.57714029,34.57714029,36.25829563,0,0,0,0,0,0,0,0
2,0,0,0,0,0,0,35.41255986,35.41255986,35.50745806,0,0,0,0,0,0,0,0
2,0,0,0,0,0,0,36.26308145,36.26308145,35.74989618,0,0,0,0,0,0,0,0
2,0,0,0,0,0,0,37.12903684,37.12903684,36.55907573,0,0,0,0,0,0,0,0
2,0,0,0,0,0,0,39.3698889,39.3698889,38.89085107,0,0,0,0,0,0,0,0
2,0,0,0,0,0,0,40.20829287,40.20829287,40.39522813,0,0,0,0,0,0,0,0
2,0,0,0,0,0,0,36.48407586,36.48407586,51.64003121,0,0,0,0,0,0,0,0
2,0,0,0,0,0,0,36.38969458,36.38969458,57.22967309,0,0,0,0,0,0,0,0
2,0,0,0,0,0,0,46.00905256,46.00905256,81.24394813,0,0,0,0,0,0,0,0
2,0,0,0,0,0,0,50.88515024,50.88515024,87.25992539,0,0,0,0,0,0,0,0
2,0,0,0,0,0,0,56.06065987,56.06065987,100.5810156,0,0,0,0,0,0,0,0
2,0,0,0,0,0,0,56.58959493,56.58959493,108.3126614,0,0,0,0,0,0,0,0
2,0,0,0,0,0,0,52.63696476,52.63696476,111.6465811,0,0,0,0,0,0,0,0
2,0,0,0,0,0,0,53.16633085,53.16633085,113.6788939,0,0,0,0,0,0,0,0
2,0,0,0,0,0,0,57.12940709,57.12940709,121.9080058,0,0,0,0,0,0,0,0
2,0,0,0,0,0,0,56.73087174,56.73087174,125.4105697,0,0,0,0,0,0,0,0
2,0,0,0,0,0,0,59.08551807,59.08551807,138.1065069,0,0,0,0,0,0,0,0
2,0,0,0,0,0,0,56.64550426,56.64550426,140.1182058,0,0,0,0,0,0,0,0
2,0,0,0,0,0,0,53.82011009,53.82011009,143.8857761,0,0,0,0,0,0,0,0
2,0,0,0,0,0,0,58.3538547,58.3538547,157.2620512,0,0,0,0,0,0,0,0
2,0,0,0,0,0,0,59.09044257,59.09044257,162.9815346,0,0,0,0,0,0,0,0
2,0,0,0,0,0,0,61.41583577,61.41583577,165.0205558,0,0,0,0,0,0,0,0
2,0,0,0,0,0,0,62.65357457,62.65357457,167.1821921,0,0,0,0,0,0,0,0
2,0,0,0,0,0,0,62.12381303,62.12381303,164.8614249,0,0,0,0,0,0,0,0
2,0,0,0,0,0,0,63.09081326,63.09081326,161.8718419,0,0,0,0,0,0,0,0
2,0,0,0,0,0,0,63.97853358,63.97853358,160.6006154,0,0,0,0,0,0,0,0
2,0,0,0,0,0,0,63.38591383,63.38591383,159.8446895,0,0,0,0,0,0,0,0
2,0,0,0,0,0,0,62.38527347,62.38527347,158.9016609,0,0,0,0,0,0,0,0
2,0,0,0,0,0,0,62.81661033,62.81661033,159.5583882,0,0,0,0,0,0,0,0
2,0,0,0,0,0,0,62.88982492,62.88982492,160.0586733,0,0,0,0,0,0,0,0
2,0,0,0,0,0,0,63.00159861,63.00159861,159.936873,0,0,0,0,0,0,0,0
2,0,0,0,0,0,0,63.3802952,63.3802952,159.6210869,0,0,0,0,0,0,0,0
2,0,0,0,0,0,0,62.84213877,62.84213877,159.2791377,0,0,0,0,0,0,0,0
2,0,0,0,0,0,0,62.4219713,62.4219713,157.5198369,0,0,0,0,0,0,0,0
2,0,0,0,0,0,0,60.60291016,60.60291016,154.17119,0,0,0,0,0,0,0,0
2,0,0,0,0,0,0,60.28567698,60.28567698,152.987794,0,0,0,0,0,0,0,0
2,0,0,0,0,0,0,60.35724645,60.35724645,151.7054898,0,0,0,0,0,0,0,0
2,0,0,0,0,0,0,59.26906621,59.26906621,150.2074908,0,0,0,0,0,0,0,0
2,0,0,0,0,0,0,59.22448135,59.22448135,149.5711139,0,0,0,0,0,0,0,0
2,0,0,0,0,0,0,59.43929451,59.43929451,149.373749,0,0,0,0,0,0,0,0
2,0,0,0,0,0,0,62.23209825,62.23209825,148.5953659,0,0,0,0,0,0,0,0
2,0,0,0,0,0,0,63.81686599,63.81686599,148.2316438,0,0,0,0,0,0,0,0
2,0,0,0,0,0,0,64.33872152,64.33872152,148.4730393,0,0,0,0,0,0,0,0
2,0,0,0,0,0,0,65.22903904,65.22903904,148.5099401,0,0,0,0,0,0,0,0
2,0,0,0,0,0,0,66.45768706,66.45768706,148.1636603,0,0,0,0,0,0,0,0
2,0,0,0,0,0,0,66.02708038,66.02708038,148.1703381,0,0,0,0,0,0,0,0
2,0,0,0,0,0,0,65.89249626,65.89249626,148.3176167,0,0,0,0,0,0,0,0
2,0,0,0,0,0,0,65.9216472,65.9216472,148.1471667,0,0,0,0,0,0,0,0
2,0,0,0,0,0,0,65.68698872,65.68698872,148.5142726,0,0,0,0,0,0,0,0
2,0,0,0,0,0,0,65.2735931,65.2735931,149.1021034,0,0,0,0,0,0,0,0
2,0,0,0,0,0,0,65.17661833,65.17661833,149.3490928,0,0,0,0,0,0,0,0
2,0,0,0,0,0,0,65.29568647,65.29568647,150.0476832,0,0,0,0,0,0,0,0
2,0,0,0,0,0,0,65.50332697,65.50332697,150.7019621,0,0,0,0,0,0,0,0
2,0,0,0,0,0,0,66.90725384,66.90725384,151.474138,0,0,0,0,0,0,0,0
2,0,0,0,0,0,0,67.86570892,67.86570892,153.3167248,0,0,0,0,0,0,0,0
2,0,0,0,0,0,0,69.5590727,69.5590727,153.9638387,0,0,0,0,0,0,0,0
2,0,0,0,0,0,0,70.43080848,70.43080848,153.2710592,0,0,0,0,0,0,0,0
2,0,0,0,0,0,0,72.94712147,72.94712147,152.8289731,0,0,0,0,0,0,0,0
2,0,0,0,0,0,0,78.61976592,78.61976592,153.017389,0,0,0,0,0,0,0,0
2,0,0,0,0,0,0,79.61525318,79.61525318,154.2587684,0,0,0,0,0,0,0,0
2,0,0,0,0,0,0,81.75213674,81.75213674,153.5741943,0,0,0,0,0,0,0,0
2,0,0,0,0,0,0,82.99877542,82.99877542,153.4363059,145.6736158,0,0,0,0,0,0,0
2,0,0,0,0,0,0,82.7233141,82.7233141,153.2050536,143.5266944,0,0,0,0,0,0,0
2,0,0,0,0,0,0,86.1013329,86.1013329,155.6959331,144.0123652,0,0,0,0,0,0,0
2,0,0,0,0,0,0,88.82011533,88.82011533,157.249833,154.157083,0,0,0,0,0,0,0
2,0,0,0,0,0,0,94.00618197,94.00618197,160.5273114,159.0677901,0,0,0,0,0,0,0
2,0,0,0,0,0,0,98.01171871,98.01171871,163.7962833,162.8188892,0,0,0,0,0,0,0
2,0,0,0,0,0,0,101.5050206,101.5050206,163.4569606,159.8312352,0,0,0,0,0,0,0
2,0,0,0,0,0,0,102.9620627,102.9620627,161.0841331,158.2769501,0,0,0,0,0,0,0
2,0,0,0,0,0,0,103.4711343,103.4711343,160.0246717,156.6541211,0,0,0,0,0,0,0
2,0,0,0,0,0,0,128.1456585,128.1456585,146.8645678,147.532806,0,0,0,0,0,0,0
2,0,0,0,0,0,0,127.9624015,127.9624015,147.1291712,147.7652089,0,0,0,0,0,0,0
2,0,0,0,0,0,0,127.7374034,127.7374034,147.3378609,147.7360986,0,0,0,0,0,0,0
2,0,0,0,0,0,0,127.2085141,127.2085141,147.4603463,148.2634067,0,0,0,0,0,0,0
2,0,0,0,0,0,0,127.0199195,127.0199195,147.8318142,148.5184641,0,0,0,0,0,0,0
2,0,0,0,0,0,0,126.6543218,126.6543218,147.084992,147.7505534,0,0,0,0,0,0,0
2,0,0,0,0,0,0,126.1538288,126.1538288,146.8164297,146.3854075,0,0,0,0,0,0,0
2,0,0,0,0,0,0,125.7934391,125.7934391,146.4991901,144.5711856,0,0,0,0,0,0,0
2,0,0,0,0,0,0,125.5563953,125.5563953,146.081181,144.352531,0,0,0,0,0,0,0
2,0,0,0,0,0,0,125.4317359,125.4317359,145.7827582,144.2069326,0,0,0,0,0,0,0
2,0,0,0,0,0,0,125.6120363,125.6120363,145.8490263,143.9690999,0,0,0,0,0,0,0
2,0,0,0,0,0,0,125.7607945,125.7607945,146.1770831,144.4232985,0,0,0,0,0,0,0
2,0,0,0,0,0,0,125.7686164,125.7686164,146.0820222,144.4564309,0,0,0,0,0,0,0
2,0,0,0,0,0,0,125.7637586,125.7637586,146.2719123,144.6822111,0,0,0,0,0,0,0
2,0,0,0,0,0,0,125.7646616,125.7646616,146.4497661,144.9772571,0,0,0,0,0,0,0
2,0,0,0,0,0,0,126.2880812,126.2880812,146.728692,145.3608523,0,0,0,0,0,0,0
2,0,0,0,0,0,0,126.7391697,126.7391697,146.9235204,145.5856244,0,0,0,0,0,0,0
2,0,0,0,0,0,0,127.4832655,127.4832655,147.3028968,146.8878215,0,0,0,0,0,0,0
2,0,0,0,0,0,0,129.0563956,129.0563956,148.2820108,150.0916496,0,0,0,0,0,0,0
2,0,0,0,0,0,0,131.0619331,131.0619331,149.851266,151.7051251,0,0,0,0,0,0,0
2,0,0,0,0,0,0,134.8426696,134.8426696,153.8337221,155.1813532,0,0,0,0,0,0,0
2,0,0,0,0,0,0,136.7962888,136.7962888,155.8424939,157.5329128,0,0,0,0,0,0,0
2,0,0,0,0,0,0,137.9902649,137.9902649,156.6311593,158.7544426,0,0,0,0,0,0,0
2,0,0,0,0,0,0,138.2963569,138.2963569,156.2702059,159.3609921,0,0,0,0,0,0,0
2,0,0,0,0,0,0,138.4462999,138.4462999,156.2687496,159.0217489,0,0,0,0,0,0,0
2,0,0,0,0,0,0,139.2168316,139.2168316,156.3740386,158.9616098,0,0,0,0,0,0,0
2,0,0,0,0,0,0,139.7321843,139.7321843,156.9394026,158.8827751,0,0,0,0,0,0,0
2,0,0,0,0,0,0,140.3921591,140.3921591,157.1857178,158.8100333,0,0,0,0,0,0,0
2,0,0,0,0,0,0,140.9055627,140.9055627,157.5646421,158.644611,0,0,0,0,0,0,0
2,0,0,0,0,0,0,141.5186207,141.5186207,158.3287248,158.8061298,0,0,0,0,0,0,0
2,0,0,0,0,0,0,141.9590743,141.9590743,158.9417382,158.7812265,0,0,0,0,0,0,0

